Billing account ID,Project ID,Project Name,Service description,SKU description,Usage start date,Usage end date,Usage amount,Usage unit,Cost ($),Credits ($),Currency
01A2B3-C4D5E6-F7G8H9,novapay-production,NovaPay Production,Compute Engine,N1 Standard 4 Instance Core running,2024-01-01,2024-01-28,1460.08,hour,277.41,0.0,USD
01A2B3-C4D5E6-F7G8H9,novapay-production,NovaPay Production,Compute Engine,N1 Highmem 4 Instance Core running,2024-01-01,2024-01-28,685.8,hour,172.0,0.0,USD
01A2B3-C4D5E6-F7G8H9,novapay-production,NovaPay Production,Compute Engine,SSD backed PD Capacity,2024-01-01,2024-01-28,391.0,gibibyte month,66.47,0.0,USD
01A2B3-C4D5E6-F7G8H9,novapay-production,NovaPay Production,Compute Engine,Network Egress via Carrier Peering,2024-01-01,2024-01-28,243.08,gibibyte,20.66,0.0,USD
01A2B3-C4D5E6-F7G8H9,novapay-production,NovaPay Production,Cloud SQL,Cloud SQL for PostgreSQL: N1 Standard 4,2024-01-01,2024-01-28,737.03,hour,282.72,0.0,USD
01A2B3-C4D5E6-F7G8H9,novapay-production,NovaPay Production,Cloud SQL,Cloud SQL for PostgreSQL: N1 Standard 2,2024-01-01,2024-01-28,732.72,hour,140.54,0.0,USD
01A2B3-C4D5E6-F7G8H9,novapay-production,NovaPay Production,Cloud SQL,Cloud SQL for PostgreSQL: SSD Storage,2024-01-01,2024-01-28,207.84,gibibyte month,35.33,0.0,USD
01A2B3-C4D5E6-F7G8H9,novapay-production,NovaPay Production,Cloud SQL,Cloud SQL for PostgreSQL: HA,2024-01-01,2024-01-28,690.26,hour,264.78,0.0,USD
01A2B3-C4D5E6-F7G8H9,novapay-production,NovaPay Production,Memorystore for Redis,Redis Capacity Standard M4,2024-01-01,2024-01-28,2897.2,gibibyte hour,141.96,0.0,USD
01A2B3-C4D5E6-F7G8H9,novapay-production,NovaPay Production,Cloud Storage,Standard Storage US Multi-region,2024-01-01,2024-01-28,485.89,gibibyte month,12.63,0.0,USD
01A2B3-C4D5E6-F7G8H9,novapay-production,NovaPay Production,Cloud Storage,Coldline Storage US Multi-region,2024-01-01,2024-01-28,1966.24,gibibyte month,13.76,0.0,USD
01A2B3-C4D5E6-F7G8H9,novapay-production,NovaPay Production,Cloud Storage,Class A Operations,2024-01-01,2024-01-28,15.01,10 thousand operations,0.75,0.0,USD
01A2B3-C4D5E6-F7G8H9,novapay-production,NovaPay Production,Cloud Storage,Network Egress,2024-01-01,2024-01-28,95.27,gibibyte,11.43,0.0,USD
01A2B3-C4D5E6-F7G8H9,novapay-production,NovaPay Production,Cloud Run,CPU Allocation Time,2024-01-01,2024-01-28,3415815.54,vcpu-second,81.98,0.0,USD
01A2B3-C4D5E6-F7G8H9,novapay-production,NovaPay Production,Cloud Run,Memory Allocation Time,2024-01-01,2024-01-28,5039583.98,gibibyte-second,12.6,0.0,USD
01A2B3-C4D5E6-F7G8H9,novapay-production,NovaPay Production,Cloud Functions,CPU Time,2024-01-01,2024-01-28,828762.55,GHz-second,8.29,0.0,USD
01A2B3-C4D5E6-F7G8H9,novapay-production,NovaPay Production,Cloud Functions,Memory Time,2024-01-01,2024-01-28,232905.75,gibibyte-second,0.58,0.0,USD
01A2B3-C4D5E6-F7G8H9,novapay-production,NovaPay Production,Cloud Functions,Invocations,2024-01-01,2024-01-28,2142825.09,invocation,0.86,0.0,USD
01A2B3-C4D5E6-F7G8H9,novapay-production,NovaPay Production,Cloud Pub/Sub,Message Delivery Basic,2024-01-01,2024-01-28,0.37,tebibyte,14.97,0.0,USD
01A2B3-C4D5E6-F7G8H9,novapay-production,NovaPay Production,BigQuery,Analysis Bytes Processed,2024-01-01,2024-01-28,1.51,tebibyte,7.56,0.0,USD
01A2B3-C4D5E6-F7G8H9,novapay-production,NovaPay Production,BigQuery,Active Storage,2024-01-01,2024-01-28,152.75,gibibyte month,3.06,0.0,USD
01A2B3-C4D5E6-F7G8H9,novapay-production,NovaPay Production,Cloud DNS,Managed Zone,2024-01-01,2024-01-28,1.02,managed zone month,0.2,0.0,USD
01A2B3-C4D5E6-F7G8H9,novapay-production,NovaPay Production,Cloud DNS,Queries,2024-01-01,2024-01-28,4.92,million queries,1.97,0.0,USD
01A2B3-C4D5E6-F7G8H9,novapay-production,NovaPay Production,Compute Engine,N1 Standard 4 Instance Core running,2024-02-01,2024-02-28,1390.39,hour,264.17,0.0,USD
01A2B3-C4D5E6-F7G8H9,novapay-production,NovaPay Production,Compute Engine,N1 Highmem 4 Instance Core running,2024-02-01,2024-02-28,752.92,hour,188.83,0.0,USD
01A2B3-C4D5E6-F7G8H9,novapay-production,NovaPay Production,Compute Engine,SSD backed PD Capacity,2024-02-01,2024-02-28,393.46,gibibyte month,66.89,0.0,USD
01A2B3-C4D5E6-F7G8H9,novapay-production,NovaPay Production,Compute Engine,Network Egress via Carrier Peering,2024-02-01,2024-02-28,239.82,gibibyte,20.38,0.0,USD
01A2B3-C4D5E6-F7G8H9,novapay-production,NovaPay Production,Cloud SQL,Cloud SQL for PostgreSQL: N1 Standard 4,2024-02-01,2024-02-28,690.96,hour,265.05,0.0,USD
01A2B3-C4D5E6-F7G8H9,novapay-production,NovaPay Production,Cloud SQL,Cloud SQL for PostgreSQL: N1 Standard 2,2024-02-01,2024-02-28,745.02,hour,142.89,0.0,USD
01A2B3-C4D5E6-F7G8H9,novapay-production,NovaPay Production,Cloud SQL,Cloud SQL for PostgreSQL: SSD Storage,2024-02-01,2024-02-28,202.07,gibibyte month,34.35,0.0,USD
01A2B3-C4D5E6-F7G8H9,novapay-production,NovaPay Production,Cloud SQL,Cloud SQL for PostgreSQL: HA,2024-02-01,2024-02-28,742.11,hour,284.67,0.0,USD
01A2B3-C4D5E6-F7G8H9,novapay-production,NovaPay Production,Memorystore for Redis,Redis Capacity Standard M4,2024-02-01,2024-02-28,2987.08,gibibyte hour,146.37,0.0,USD
01A2B3-C4D5E6-F7G8H9,novapay-production,NovaPay Production,Cloud Storage,Standard Storage US Multi-region,2024-02-01,2024-02-28,516.12,gibibyte month,13.42,0.0,USD
01A2B3-C4D5E6-F7G8H9,novapay-production,NovaPay Production,Cloud Storage,Coldline Storage US Multi-region,2024-02-01,2024-02-28,2118.48,gibibyte month,14.83,0.0,USD
01A2B3-C4D5E6-F7G8H9,novapay-production,NovaPay Production,Cloud Storage,Class A Operations,2024-02-01,2024-02-28,14.82,10 thousand operations,0.74,0.0,USD
01A2B3-C4D5E6-F7G8H9,novapay-production,NovaPay Production,Cloud Storage,Network Egress,2024-02-01,2024-02-28,100.52,gibibyte,12.06,0.0,USD
01A2B3-C4D5E6-F7G8H9,novapay-production,NovaPay Production,Cloud Run,CPU Allocation Time,2024-02-01,2024-02-28,5685856.79,vcpu-second,136.46,0.0,USD
01A2B3-C4D5E6-F7G8H9,novapay-production,NovaPay Production,Cloud Run,Memory Allocation Time,2024-02-01,2024-02-28,4926671.11,gibibyte-second,12.32,0.0,USD
01A2B3-C4D5E6-F7G8H9,novapay-production,NovaPay Production,Cloud Functions,CPU Time,2024-02-01,2024-02-28,1031492.42,GHz-second,10.31,0.0,USD
01A2B3-C4D5E6-F7G8H9,novapay-production,NovaPay Production,Cloud Functions,Memory Time,2024-02-01,2024-02-28,318564.51,gibibyte-second,0.8,0.0,USD
01A2B3-C4D5E6-F7G8H9,novapay-production,NovaPay Production,Cloud Functions,Invocations,2024-02-01,2024-02-28,2327314.94,invocation,0.93,0.0,USD
01A2B3-C4D5E6-F7G8H9,novapay-production,NovaPay Production,Cloud Pub/Sub,Message Delivery Basic,2024-02-01,2024-02-28,0.19,tebibyte,7.64,0.0,USD
01A2B3-C4D5E6-F7G8H9,novapay-production,NovaPay Production,BigQuery,Analysis Bytes Processed,2024-02-01,2024-02-28,1.96,tebibyte,9.78,0.0,USD
01A2B3-C4D5E6-F7G8H9,novapay-production,NovaPay Production,BigQuery,Active Storage,2024-02-01,2024-02-28,152.55,gibibyte month,3.05,0.0,USD
01A2B3-C4D5E6-F7G8H9,novapay-production,NovaPay Production,Cloud DNS,Managed Zone,2024-02-01,2024-02-28,0.96,managed zone month,0.19,0.0,USD
01A2B3-C4D5E6-F7G8H9,novapay-production,NovaPay Production,Cloud DNS,Queries,2024-02-01,2024-02-28,4.87,million queries,1.95,0.0,USD
01A2B3-C4D5E6-F7G8H9,novapay-production,NovaPay Production,Compute Engine,N1 Standard 4 Instance Core running,2024-03-01,2024-03-28,1382.54,hour,262.68,0.0,USD
01A2B3-C4D5E6-F7G8H9,novapay-production,NovaPay Production,Compute Engine,N1 Highmem 4 Instance Core running,2024-03-01,2024-03-28,704.01,hour,176.57,0.0,USD
01A2B3-C4D5E6-F7G8H9,novapay-production,NovaPay Production,Compute Engine,SSD backed PD Capacity,2024-03-01,2024-03-28,405.43,gibibyte month,68.92,0.0,USD
01A2B3-C4D5E6-F7G8H9,novapay-production,NovaPay Production,Compute Engine,Network Egress via Carrier Peering,2024-03-01,2024-03-28,246.62,gibibyte,20.96,0.0,USD
01A2B3-C4D5E6-F7G8H9,novapay-production,NovaPay Production,Cloud SQL,Cloud SQL for PostgreSQL: N1 Standard 4,2024-03-01,2024-03-28,710.65,hour,272.61,0.0,USD
01A2B3-C4D5E6-F7G8H9,novapay-production,NovaPay Production,Cloud SQL,Cloud SQL for PostgreSQL: N1 Standard 2,2024-03-01,2024-03-28,699.08,hour,134.08,0.0,USD
01A2B3-C4D5E6-F7G8H9,novapay-production,NovaPay Production,Cloud SQL,Cloud SQL for PostgreSQL: SSD Storage,2024-03-01,2024-03-28,195.34,gibibyte month,33.21,0.0,USD
01A2B3-C4D5E6-F7G8H9,novapay-production,NovaPay Production,Cloud SQL,Cloud SQL for PostgreSQL: HA,2024-03-01,2024-03-28,751.44,hour,288.25,0.0,USD
01A2B3-C4D5E6-F7G8H9,novapay-production,NovaPay Production,Memorystore for Redis,Redis Capacity Standard M4,2024-03-01,2024-03-28,2963.23,gibibyte hour,145.2,0.0,USD
01A2B3-C4D5E6-F7G8H9,novapay-production,NovaPay Production,Cloud Storage,Standard Storage US Multi-region,2024-03-01,2024-03-28,533.92,gibibyte month,13.88,0.0,USD
01A2B3-C4D5E6-F7G8H9,novapay-production,NovaPay Production,Cloud Storage,Coldline Storage US Multi-region,2024-03-01,2024-03-28,2079.93,gibibyte month,14.56,0.0,USD
01A2B3-C4D5E6-F7G8H9,novapay-production,NovaPay Production,Cloud Storage,Class A Operations,2024-03-01,2024-03-28,15.34,10 thousand operations,0.77,0.0,USD
01A2B3-C4D5E6-F7G8H9,novapay-production,NovaPay Production,Cloud Storage,Network Egress,2024-03-01,2024-03-28,96.63,gibibyte,11.6,0.0,USD
01A2B3-C4D5E6-F7G8H9,novapay-production,NovaPay Production,Cloud Run,CPU Allocation Time,2024-03-01,2024-03-28,4066039.59,vcpu-second,97.58,0.0,USD
01A2B3-C4D5E6-F7G8H9,novapay-production,NovaPay Production,Cloud Run,Memory Allocation Time,2024-03-01,2024-03-28,6262284.06,gibibyte-second,15.66,0.0,USD
01A2B3-C4D5E6-F7G8H9,novapay-production,NovaPay Production,Cloud Functions,CPU Time,2024-03-01,2024-03-28,889599.85,GHz-second,8.9,0.0,USD
01A2B3-C4D5E6-F7G8H9,novapay-production,NovaPay Production,Cloud Functions,Memory Time,2024-03-01,2024-03-28,313667.94,gibibyte-second,0.78,0.0,USD
01A2B3-C4D5E6-F7G8H9,novapay-production,NovaPay Production,Cloud Functions,Invocations,2024-03-01,2024-03-28,2295382.8,invocation,0.92,0.0,USD
01A2B3-C4D5E6-F7G8H9,novapay-production,NovaPay Production,Cloud Pub/Sub,Message Delivery Basic,2024-03-01,2024-03-28,0.38,tebibyte,15.29,0.0,USD
01A2B3-C4D5E6-F7G8H9,novapay-production,NovaPay Production,BigQuery,Analysis Bytes Processed,2024-03-01,2024-03-28,3.05,tebibyte,15.26,0.0,USD
01A2B3-C4D5E6-F7G8H9,novapay-production,NovaPay Production,BigQuery,Active Storage,2024-03-01,2024-03-28,156.55,gibibyte month,3.13,0.0,USD
01A2B3-C4D5E6-F7G8H9,novapay-production,NovaPay Production,Cloud DNS,Managed Zone,2024-03-01,2024-03-28,0.95,managed zone month,0.19,0.0,USD
01A2B3-C4D5E6-F7G8H9,novapay-production,NovaPay Production,Cloud DNS,Queries,2024-03-01,2024-03-28,4.91,million queries,1.96,0.0,USD
01A2B3-C4D5E6-F7G8H9,novapay-production,NovaPay Production,Compute Engine,N1 Standard 4 Instance Core running,2024-04-01,2024-04-28,1406.55,hour,267.25,0.0,USD
01A2B3-C4D5E6-F7G8H9,novapay-production,NovaPay Production,Compute Engine,N1 Highmem 4 Instance Core running,2024-04-01,2024-04-28,699.19,hour,175.36,0.0,USD
01A2B3-C4D5E6-F7G8H9,novapay-production,NovaPay Production,Compute Engine,SSD backed PD Capacity,2024-04-01,2024-04-28,417.72,gibibyte month,71.01,0.0,USD
01A2B3-C4D5E6-F7G8H9,novapay-production,NovaPay Production,Compute Engine,Network Egress via Carrier Peering,2024-04-01,2024-04-28,259.41,gibibyte,22.05,0.0,USD
01A2B3-C4D5E6-F7G8H9,novapay-production,NovaPay Production,Cloud SQL,Cloud SQL for PostgreSQL: N1 Standard 4,2024-04-01,2024-04-28,706.66,hour,271.07,0.0,USD
01A2B3-C4D5E6-F7G8H9,novapay-production,NovaPay Production,Cloud SQL,Cloud SQL for PostgreSQL: N1 Standard 2,2024-04-01,2024-04-28,731.19,hour,140.24,0.0,USD
01A2B3-C4D5E6-F7G8H9,novapay-production,NovaPay Production,Cloud SQL,Cloud SQL for PostgreSQL: SSD Storage,2024-04-01,2024-04-28,197.91,gibibyte month,33.65,0.0,USD
01A2B3-C4D5E6-F7G8H9,novapay-production,NovaPay Production,Cloud SQL,Cloud SQL for PostgreSQL: HA,2024-04-01,2024-04-28,749.85,hour,287.64,0.0,USD
01A2B3-C4D5E6-F7G8H9,novapay-production,NovaPay Production,Memorystore for Redis,Redis Capacity Standard M4,2024-04-01,2024-04-28,2907.98,gibibyte hour,142.49,0.0,USD
01A2B3-C4D5E6-F7G8H9,novapay-production,NovaPay Production,Cloud Storage,Standard Storage US Multi-region,2024-04-01,2024-04-28,538.66,gibibyte month,14.01,0.0,USD
01A2B3-C4D5E6-F7G8H9,novapay-production,NovaPay Production,Cloud Storage,Coldline Storage US Multi-region,2024-04-01,2024-04-28,2152.23,gibibyte month,15.07,0.0,USD
01A2B3-C4D5E6-F7G8H9,novapay-production,NovaPay Production,Cloud Storage,Class A Operations,2024-04-01,2024-04-28,15.09,10 thousand operations,0.75,0.0,USD
01A2B3-C4D5E6-F7G8H9,novapay-production,NovaPay Production,Cloud Storage,Network Egress,2024-04-01,2024-04-28,97.63,gibibyte,11.72,0.0,USD
01A2B3-C4D5E6-F7G8H9,novapay-production,NovaPay Production,Cloud Run,CPU Allocation Time,2024-04-01,2024-04-28,4804509.56,vcpu-second,115.31,0.0,USD
01A2B3-C4D5E6-F7G8H9,novapay-production,NovaPay Production,Cloud Run,Memory Allocation Time,2024-04-01,2024-04-28,5932162.38,gibibyte-second,14.83,0.0,USD
01A2B3-C4D5E6-F7G8H9,novapay-production,NovaPay Production,Cloud Functions,CPU Time,2024-04-01,2024-04-28,735616.32,GHz-second,7.36,0.0,USD
01A2B3-C4D5E6-F7G8H9,novapay-production,NovaPay Production,Cloud Functions,Memory Time,2024-04-01,2024-04-28,232636.98,gibibyte-second,0.58,0.0,USD
01A2B3-C4D5E6-F7G8H9,novapay-production,NovaPay Production,Cloud Functions,Invocations,2024-04-01,2024-04-28,2796060.17,invocation,1.12,0.0,USD
01A2B3-C4D5E6-F7G8H9,novapay-production,NovaPay Production,Cloud Pub/Sub,Message Delivery Basic,2024-04-01,2024-04-28,0.3,tebibyte,12.09,0.0,USD
01A2B3-C4D5E6-F7G8H9,novapay-production,NovaPay Production,BigQuery,Analysis Bytes Processed,2024-04-01,2024-04-28,1.68,tebibyte,8.41,0.0,USD
01A2B3-C4D5E6-F7G8H9,novapay-production,NovaPay Production,BigQuery,Active Storage,2024-04-01,2024-04-28,159.46,gibibyte month,3.19,0.0,USD
01A2B3-C4D5E6-F7G8H9,novapay-production,NovaPay Production,Cloud DNS,Managed Zone,2024-04-01,2024-04-28,0.96,managed zone month,0.19,0.0,USD
01A2B3-C4D5E6-F7G8H9,novapay-production,NovaPay Production,Cloud DNS,Queries,2024-04-01,2024-04-28,5.06,million queries,2.03,0.0,USD
01A2B3-C4D5E6-F7G8H9,novapay-production,NovaPay Production,Compute Engine,N1 Standard 4 Instance Core running,2024-05-01,2024-05-28,1482.06,hour,281.59,0.0,USD
01A2B3-C4D5E6-F7G8H9,novapay-production,NovaPay Production,Compute Engine,N1 Highmem 4 Instance Core running,2024-05-01,2024-05-28,714.4,hour,179.17,0.0,USD
01A2B3-C4D5E6-F7G8H9,novapay-production,NovaPay Production,Compute Engine,SSD backed PD Capacity,2024-05-01,2024-05-28,382.54,gibibyte month,65.03,0.0,USD
01A2B3-C4D5E6-F7G8H9,novapay-production,NovaPay Production,Compute Engine,Network Egress via Carrier Peering,2024-05-01,2024-05-28,247.04,gibibyte,21.0,0.0,USD
01A2B3-C4D5E6-F7G8H9,novapay-production,NovaPay Production,Cloud SQL,Cloud SQL for PostgreSQL: N1 Standard 4,2024-05-01,2024-05-28,755.72,hour,289.89,0.0,USD
01A2B3-C4D5E6-F7G8H9,novapay-production,NovaPay Production,Cloud SQL,Cloud SQL for PostgreSQL: N1 Standard 2,2024-05-01,2024-05-28,722.1,hour,138.5,0.0,USD
01A2B3-C4D5E6-F7G8H9,novapay-production,NovaPay Production,Cloud SQL,Cloud SQL for PostgreSQL: SSD Storage,2024-05-01,2024-05-28,209.42,gibibyte month,35.6,0.0,USD
01A2B3-C4D5E6-F7G8H9,novapay-production,NovaPay Production,Cloud SQL,Cloud SQL for PostgreSQL: HA,2024-05-01,2024-05-28,745.98,hour,286.16,0.0,USD
01A2B3-C4D5E6-F7G8H9,novapay-production,NovaPay Production,Memorystore for Redis,Redis Capacity Standard M4,2024-05-01,2024-05-28,2777.35,gibibyte hour,136.09,0.0,USD
01A2B3-C4D5E6-F7G8H9,novapay-production,NovaPay Production,Cloud Storage,Standard Storage US Multi-region,2024-05-01,2024-05-28,570.21,gibibyte month,14.83,0.0,USD
01A2B3-C4D5E6-F7G8H9,novapay-production,NovaPay Production,Cloud Storage,Coldline Storage US Multi-region,2024-05-01,2024-05-28,2275.56,gibibyte month,15.93,0.0,USD
01A2B3-C4D5E6-F7G8H9,novapay-production,NovaPay Production,Cloud Storage,Class A Operations,2024-05-01,2024-05-28,15.06,10 thousand operations,0.75,0.0,USD
01A2B3-C4D5E6-F7G8H9,novapay-production,NovaPay Production,Cloud Storage,Network Egress,2024-05-01,2024-05-28,97.67,gibibyte,11.72,0.0,USD
01A2B3-C4D5E6-F7G8H9,novapay-production,NovaPay Production,Cloud Run,CPU Allocation Time,2024-05-01,2024-05-28,5007462.47,vcpu-second,120.18,0.0,USD
01A2B3-C4D5E6-F7G8H9,novapay-production,NovaPay Production,Cloud Run,Memory Allocation Time,2024-05-01,2024-05-28,3101587.82,gibibyte-second,7.75,0.0,USD
01A2B3-C4D5E6-F7G8H9,novapay-production,NovaPay Production,Cloud Functions,CPU Time,2024-05-01,2024-05-28,758249.76,GHz-second,7.58,0.0,USD
01A2B3-C4D5E6-F7G8H9,novapay-production,NovaPay Production,Cloud Functions,Memory Time,2024-05-01,2024-05-28,288893.69,gibibyte-second,0.72,0.0,USD
01A2B3-C4D5E6-F7G8H9,novapay-production,NovaPay Production,Cloud Functions,Invocations,2024-05-01,2024-05-28,2726105.48,invocation,1.09,0.0,USD
01A2B3-C4D5E6-F7G8H9,novapay-production,NovaPay Production,Cloud Pub/Sub,Message Delivery Basic,2024-05-01,2024-05-28,0.39,tebibyte,15.61,0.0,USD
01A2B3-C4D5E6-F7G8H9,novapay-production,NovaPay Production,BigQuery,Analysis Bytes Processed,2024-05-01,2024-05-28,2.03,tebibyte,10.13,0.0,USD
01A2B3-C4D5E6-F7G8H9,novapay-production,NovaPay Production,BigQuery,Active Storage,2024-05-01,2024-05-28,168.83,gibibyte month,3.38,0.0,USD
01A2B3-C4D5E6-F7G8H9,novapay-production,NovaPay Production,Cloud DNS,Managed Zone,2024-05-01,2024-05-28,0.97,managed zone month,0.19,0.0,USD
01A2B3-C4D5E6-F7G8H9,novapay-production,NovaPay Production,Cloud DNS,Queries,2024-05-01,2024-05-28,5.21,million queries,2.08,0.0,USD
01A2B3-C4D5E6-F7G8H9,novapay-production,NovaPay Production,Compute Engine,N1 Standard 4 Instance Core running,2024-06-01,2024-06-28,1493.35,hour,283.74,0.0,USD
01A2B3-C4D5E6-F7G8H9,novapay-production,NovaPay Production,Compute Engine,N1 Highmem 4 Instance Core running,2024-06-01,2024-06-28,705.49,hour,176.94,0.0,USD
01A2B3-C4D5E6-F7G8H9,novapay-production,NovaPay Production,Compute Engine,SSD backed PD Capacity,2024-06-01,2024-06-28,405.56,gibibyte month,68.94,0.0,USD
01A2B3-C4D5E6-F7G8H9,novapay-production,NovaPay Production,Compute Engine,Network Egress via Carrier Peering,2024-06-01,2024-06-28,252.72,gibibyte,21.48,0.0,USD
01A2B3-C4D5E6-F7G8H9,novapay-production,NovaPay Production,Cloud SQL,Cloud SQL for PostgreSQL: N1 Standard 4,2024-06-01,2024-06-28,695.0,hour,266.6,0.0,USD
01A2B3-C4D5E6-F7G8H9,novapay-production,NovaPay Production,Cloud SQL,Cloud SQL for PostgreSQL: N1 Standard 2,2024-06-01,2024-06-28,738.9,hour,141.72,0.0,USD
01A2B3-C4D5E6-F7G8H9,novapay-production,NovaPay Production,Cloud SQL,Cloud SQL for PostgreSQL: SSD Storage,2024-06-01,2024-06-28,200.79,gibibyte month,34.13,0.0,USD
01A2B3-C4D5E6-F7G8H9,novapay-production,NovaPay Production,Cloud SQL,Cloud SQL for PostgreSQL: HA,2024-06-01,2024-06-28,740.06,hour,283.89,0.0,USD
01A2B3-C4D5E6-F7G8H9,novapay-production,NovaPay Production,Memorystore for Redis,Redis Capacity Standard M4,2024-06-01,2024-06-28,2928.86,gibibyte hour,143.51,0.0,USD
01A2B3-C4D5E6-F7G8H9,novapay-production,NovaPay Production,Cloud Storage,Standard Storage US Multi-region,2024-06-01,2024-06-28,562.27,gibibyte month,14.62,0.0,USD
01A2B3-C4D5E6-F7G8H9,novapay-production,NovaPay Production,Cloud Storage,Coldline Storage US Multi-region,2024-06-01,2024-06-28,2294.09,gibibyte month,16.06,0.0,USD
01A2B3-C4D5E6-F7G8H9,novapay-production,NovaPay Production,Cloud Storage,Class A Operations,2024-06-01,2024-06-28,14.28,10 thousand operations,0.71,0.0,USD
01A2B3-C4D5E6-F7G8H9,novapay-production,NovaPay Production,Cloud Storage,Network Egress,2024-06-01,2024-06-28,104.29,gibibyte,12.51,0.0,USD
01A2B3-C4D5E6-F7G8H9,novapay-production,NovaPay Production,Cloud Run,CPU Allocation Time,2024-06-01,2024-06-28,5863398.76,vcpu-second,140.72,0.0,USD
01A2B3-C4D5E6-F7G8H9,novapay-production,NovaPay Production,Cloud Run,Memory Allocation Time,2024-06-01,2024-06-28,5693995.91,gibibyte-second,14.23,0.0,USD
01A2B3-C4D5E6-F7G8H9,novapay-production,NovaPay Production,Cloud Functions,CPU Time,2024-06-01,2024-06-28,676809.04,GHz-second,6.77,0.0,USD
01A2B3-C4D5E6-F7G8H9,novapay-production,NovaPay Production,Cloud Functions,Memory Time,2024-06-01,2024-06-28,193902.04,gibibyte-second,0.48,0.0,USD
01A2B3-C4D5E6-F7G8H9,novapay-production,NovaPay Production,Cloud Functions,Invocations,2024-06-01,2024-06-28,2604815.36,invocation,1.04,0.0,USD
01A2B3-C4D5E6-F7G8H9,novapay-production,NovaPay Production,Cloud Pub/Sub,Message Delivery Basic,2024-06-01,2024-06-28,0.41,tebibyte,16.29,0.0,USD
01A2B3-C4D5E6-F7G8H9,novapay-production,NovaPay Production,BigQuery,Analysis Bytes Processed,2024-06-01,2024-06-28,1.67,tebibyte,8.36,0.0,USD
01A2B3-C4D5E6-F7G8H9,novapay-production,NovaPay Production,BigQuery,Active Storage,2024-06-01,2024-06-28,173.74,gibibyte month,3.47,0.0,USD
01A2B3-C4D5E6-F7G8H9,novapay-production,NovaPay Production,Cloud DNS,Managed Zone,2024-06-01,2024-06-28,0.96,managed zone month,0.19,0.0,USD
01A2B3-C4D5E6-F7G8H9,novapay-production,NovaPay Production,Cloud DNS,Queries,2024-06-01,2024-06-28,5.13,million queries,2.05,0.0,USD
01A2B3-C4D5E6-F7G8H9,novapay-production,NovaPay Production,Compute Engine,N1 Standard 4 Instance Core running,2024-07-01,2024-07-28,1478.28,hour,280.87,0.0,USD
01A2B3-C4D5E6-F7G8H9,novapay-production,NovaPay Production,Compute Engine,N1 Highmem 4 Instance Core running,2024-07-01,2024-07-28,693.24,hour,173.87,0.0,USD
01A2B3-C4D5E6-F7G8H9,novapay-production,NovaPay Production,Compute Engine,SSD backed PD Capacity,2024-07-01,2024-07-28,399.01,gibibyte month,67.83,0.0,USD
01A2B3-C4D5E6-F7G8H9,novapay-production,NovaPay Production,Compute Engine,Network Egress via Carrier Peering,2024-07-01,2024-07-28,251.25,gibibyte,21.36,0.0,USD
01A2B3-C4D5E6-F7G8H9,novapay-production,NovaPay Production,Cloud SQL,Cloud SQL for PostgreSQL: N1 Standard 4,2024-07-01,2024-07-28,703.08,hour,269.7,0.0,USD
01A2B3-C4D5E6-F7G8H9,novapay-production,NovaPay Production,Cloud SQL,Cloud SQL for PostgreSQL: N1 Standard 2,2024-07-01,2024-07-28,746.82,hour,143.24,0.0,USD
01A2B3-C4D5E6-F7G8H9,novapay-production,NovaPay Production,Cloud SQL,Cloud SQL for PostgreSQL: SSD Storage,2024-07-01,2024-07-28,198.46,gibibyte month,33.74,0.0,USD
01A2B3-C4D5E6-F7G8H9,novapay-production,NovaPay Production,Cloud SQL,Cloud SQL for PostgreSQL: HA,2024-07-01,2024-07-28,699.25,hour,268.23,0.0,USD
01A2B3-C4D5E6-F7G8H9,novapay-production,NovaPay Production,Memorystore for Redis,Redis Capacity Standard M4,2024-07-01,2024-07-28,2931.47,gibibyte hour,143.64,0.0,USD
01A2B3-C4D5E6-F7G8H9,novapay-production,NovaPay Production,Cloud Storage,Standard Storage US Multi-region,2024-07-01,2024-07-28,605.26,gibibyte month,15.74,0.0,USD
01A2B3-C4D5E6-F7G8H9,novapay-production,NovaPay Production,Cloud Storage,Coldline Storage US Multi-region,2024-07-01,2024-07-28,2345.28,gibibyte month,16.42,0.0,USD
01A2B3-C4D5E6-F7G8H9,novapay-production,NovaPay Production,Cloud Storage,Class A Operations,2024-07-01,2024-07-28,14.72,10 thousand operations,0.74,0.0,USD
01A2B3-C4D5E6-F7G8H9,novapay-production,NovaPay Production,Cloud Storage,Network Egress,2024-07-01,2024-07-28,104.95,gibibyte,12.59,0.0,USD
01A2B3-C4D5E6-F7G8H9,novapay-production,NovaPay Production,Cloud Run,CPU Allocation Time,2024-07-01,2024-07-28,5039561.01,vcpu-second,120.95,0.0,USD
01A2B3-C4D5E6-F7G8H9,novapay-production,NovaPay Production,Cloud Run,Memory Allocation Time,2024-07-01,2024-07-28,4277160.3,gibibyte-second,10.69,0.0,USD
01A2B3-C4D5E6-F7G8H9,novapay-production,NovaPay Production,Cloud Functions,CPU Time,2024-07-01,2024-07-28,811248.54,GHz-second,8.11,0.0,USD
01A2B3-C4D5E6-F7G8H9,novapay-production,NovaPay Production,Cloud Functions,Memory Time,2024-07-01,2024-07-28,209041.01,gibibyte-second,0.52,0.0,USD
01A2B3-C4D5E6-F7G8H9,novapay-production,NovaPay Production,Cloud Functions,Invocations,2024-07-01,2024-07-28,1559515.74,invocation,0.62,0.0,USD
01A2B3-C4D5E6-F7G8H9,novapay-production,NovaPay Production,Cloud Pub/Sub,Message Delivery Basic,2024-07-01,2024-07-28,0.26,tebibyte,10.45,0.0,USD
01A2B3-C4D5E6-F7G8H9,novapay-production,NovaPay Production,BigQuery,Analysis Bytes Processed,2024-07-01,2024-07-28,2.68,tebibyte,13.38,0.0,USD
01A2B3-C4D5E6-F7G8H9,novapay-production,NovaPay Production,BigQuery,Active Storage,2024-07-01,2024-07-28,176.21,gibibyte month,3.52,0.0,USD
01A2B3-C4D5E6-F7G8H9,novapay-production,NovaPay Production,Cloud DNS,Managed Zone,2024-07-01,2024-07-28,0.97,managed zone month,0.19,0.0,USD
01A2B3-C4D5E6-F7G8H9,novapay-production,NovaPay Production,Cloud DNS,Queries,2024-07-01,2024-07-28,4.79,million queries,1.91,0.0,USD
01A2B3-C4D5E6-F7G8H9,novapay-production,NovaPay Production,Compute Engine,N1 Standard 4 Instance Core running,2024-08-01,2024-08-28,1458.88,hour,277.19,0.0,USD
01A2B3-C4D5E6-F7G8H9,novapay-production,NovaPay Production,Compute Engine,N1 Highmem 4 Instance Core running,2024-08-01,2024-08-28,700.48,hour,175.68,0.0,USD
01A2B3-C4D5E6-F7G8H9,novapay-production,NovaPay Production,Compute Engine,SSD backed PD Capacity,2024-08-01,2024-08-28,416.22,gibibyte month,70.76,0.0,USD
01A2B3-C4D5E6-F7G8H9,novapay-production,NovaPay Production,Compute Engine,Network Egress via Carrier Peering,2024-08-01,2024-08-28,258.99,gibibyte,22.01,0.0,USD
01A2B3-C4D5E6-F7G8H9,novapay-production,NovaPay Production,Cloud SQL,Cloud SQL for PostgreSQL: N1 Standard 4,2024-08-01,2024-08-28,689.1,hour,264.34,0.0,USD
01A2B3-C4D5E6-F7G8H9,novapay-production,NovaPay Production,Cloud SQL,Cloud SQL for PostgreSQL: N1 Standard 2,2024-08-01,2024-08-28,701.14,hour,134.48,0.0,USD
01A2B3-C4D5E6-F7G8H9,novapay-production,NovaPay Production,Cloud SQL,Cloud SQL for PostgreSQL: SSD Storage,2024-08-01,2024-08-28,203.38,gibibyte month,34.57,0.0,USD
01A2B3-C4D5E6-F7G8H9,novapay-production,NovaPay Production,Cloud SQL,Cloud SQL for PostgreSQL: HA,2024-08-01,2024-08-28,699.43,hour,268.3,0.0,USD
01A2B3-C4D5E6-F7G8H9,novapay-production,NovaPay Production,Memorystore for Redis,Redis Capacity Standard M4,2024-08-01,2024-08-28,2812.64,gibibyte hour,137.82,0.0,USD
01A2B3-C4D5E6-F7G8H9,novapay-production,NovaPay Production,Cloud Storage,Standard Storage US Multi-region,2024-08-01,2024-08-28,631.01,gibibyte month,16.41,0.0,USD
01A2B3-C4D5E6-F7G8H9,novapay-production,NovaPay Production,Cloud Storage,Coldline Storage US Multi-region,2024-08-01,2024-08-28,2470.23,gibibyte month,17.29,0.0,USD
01A2B3-C4D5E6-F7G8H9,novapay-production,NovaPay Production,Cloud Storage,Class A Operations,2024-08-01,2024-08-28,14.96,10 thousand operations,0.75,0.0,USD
01A2B3-C4D5E6-F7G8H9,novapay-production,NovaPay Production,Cloud Storage,Network Egress,2024-08-01,2024-08-28,102.85,gibibyte,12.34,0.0,USD
01A2B3-C4D5E6-F7G8H9,novapay-production,NovaPay Production,Cloud Run,CPU Allocation Time,2024-08-01,2024-08-28,5606989.19,vcpu-second,134.57,0.0,USD
01A2B3-C4D5E6-F7G8H9,novapay-production,NovaPay Production,Cloud Run,Memory Allocation Time,2024-08-01,2024-08-28,3385475.69,gibibyte-second,8.46,0.0,USD
01A2B3-C4D5E6-F7G8H9,novapay-production,NovaPay Production,Cloud Functions,CPU Time,2024-08-01,2024-08-28,542035.72,GHz-second,5.42,0.0,USD
01A2B3-C4D5E6-F7G8H9,novapay-production,NovaPay Production,Cloud Functions,Memory Time,2024-08-01,2024-08-28,283452.28,gibibyte-second,0.71,0.0,USD
01A2B3-C4D5E6-F7G8H9,novapay-production,NovaPay Production,Cloud Functions,Invocations,2024-08-01,2024-08-28,1877725.8,invocation,0.75,0.0,USD
01A2B3-C4D5E6-F7G8H9,novapay-production,NovaPay Production,Cloud Pub/Sub,Message Delivery Basic,2024-08-01,2024-08-28,0.29,tebibyte,11.68,0.0,USD
01A2B3-C4D5E6-F7G8H9,novapay-production,NovaPay Production,BigQuery,Analysis Bytes Processed,2024-08-01,2024-08-28,2.96,tebibyte,14.79,0.0,USD
01A2B3-C4D5E6-F7G8H9,novapay-production,NovaPay Production,BigQuery,Active Storage,2024-08-01,2024-08-28,186.4,gibibyte month,3.73,0.0,USD
01A2B3-C4D5E6-F7G8H9,novapay-production,NovaPay Production,Cloud DNS,Managed Zone,2024-08-01,2024-08-28,1.05,managed zone month,0.21,0.0,USD
01A2B3-C4D5E6-F7G8H9,novapay-production,NovaPay Production,Cloud DNS,Queries,2024-08-01,2024-08-28,4.8,million queries,1.92,0.0,USD
01A2B3-C4D5E6-F7G8H9,novapay-production,NovaPay Production,Compute Engine,N1 Standard 4 Instance Core running,2024-09-01,2024-09-28,1425.98,hour,270.94,0.0,USD
01A2B3-C4D5E6-F7G8H9,novapay-production,NovaPay Production,Compute Engine,N1 Highmem 4 Instance Core running,2024-09-01,2024-09-28,708.43,hour,177.67,0.0,USD
01A2B3-C4D5E6-F7G8H9,novapay-production,NovaPay Production,Compute Engine,SSD backed PD Capacity,2024-09-01,2024-09-28,414.47,gibibyte month,70.46,0.0,USD
01A2B3-C4D5E6-F7G8H9,novapay-production,NovaPay Production,Compute Engine,Network Egress via Carrier Peering,2024-09-01,2024-09-28,243.72,gibibyte,20.72,0.0,USD
01A2B3-C4D5E6-F7G8H9,novapay-production,NovaPay Production,Cloud SQL,Cloud SQL for PostgreSQL: N1 Standard 4,2024-09-01,2024-09-28,697.7,hour,267.64,0.0,USD
01A2B3-C4D5E6-F7G8H9,novapay-production,NovaPay Production,Cloud SQL,Cloud SQL for PostgreSQL: N1 Standard 2,2024-09-01,2024-09-28,716.3,hour,137.39,0.0,USD
01A2B3-C4D5E6-F7G8H9,novapay-production,NovaPay Production,Cloud SQL,Cloud SQL for PostgreSQL: SSD Storage,2024-09-01,2024-09-28,198.44,gibibyte month,33.73,0.0,USD
01A2B3-C4D5E6-F7G8H9,novapay-production,NovaPay Production,Cloud SQL,Cloud SQL for PostgreSQL: HA,2024-09-01,2024-09-28,704.06,hour,270.08,0.0,USD
01A2B3-C4D5E6-F7G8H9,novapay-production,NovaPay Production,Memorystore for Redis,Redis Capacity Standard M4,2024-09-01,2024-09-28,2846.94,gibibyte hour,139.5,0.0,USD
01A2B3-C4D5E6-F7G8H9,novapay-production,NovaPay Production,Cloud Storage,Standard Storage US Multi-region,2024-09-01,2024-09-28,649.47,gibibyte month,16.89,0.0,USD
01A2B3-C4D5E6-F7G8H9,novapay-production,NovaPay Production,Cloud Storage,Coldline Storage US Multi-region,2024-09-01,2024-09-28,2524.9,gibibyte month,17.67,0.0,USD
01A2B3-C4D5E6-F7G8H9,novapay-production,NovaPay Production,Cloud Storage,Class A Operations,2024-09-01,2024-09-28,15.54,10 thousand operations,0.78,0.0,USD
01A2B3-C4D5E6-F7G8H9,novapay-production,NovaPay Production,Cloud Storage,Network Egress,2024-09-01,2024-09-28,100.5,gibibyte,12.06,0.0,USD
01A2B3-C4D5E6-F7G8H9,novapay-production,NovaPay Production,Cloud Run,CPU Allocation Time,2024-09-01,2024-09-28,2882117.99,vcpu-second,69.17,0.0,USD
01A2B3-C4D5E6-F7G8H9,novapay-production,NovaPay Production,Cloud Run,Memory Allocation Time,2024-09-01,2024-09-28,6297416.89,gibibyte-second,15.74,0.0,USD
01A2B3-C4D5E6-F7G8H9,novapay-production,NovaPay Production,Cloud Functions,CPU Time,2024-09-01,2024-09-28,1015057.65,GHz-second,10.15,0.0,USD
01A2B3-C4D5E6-F7G8H9,novapay-production,NovaPay Production,Cloud Functions,Memory Time,2024-09-01,2024-09-28,412559.1,gibibyte-second,1.03,0.0,USD
01A2B3-C4D5E6-F7G8H9,novapay-production,NovaPay Production,Cloud Functions,Invocations,2024-09-01,2024-09-28,2682187.17,invocation,1.07,0.0,USD
01A2B3-C4D5E6-F7G8H9,novapay-production,NovaPay Production,Cloud Pub/Sub,Message Delivery Basic,2024-09-01,2024-09-28,0.38,tebibyte,15.35,0.0,USD
01A2B3-C4D5E6-F7G8H9,novapay-production,NovaPay Production,BigQuery,Analysis Bytes Processed,2024-09-01,2024-09-28,1.83,tebibyte,9.16,0.0,USD
01A2B3-C4D5E6-F7G8H9,novapay-production,NovaPay Production,BigQuery,Active Storage,2024-09-01,2024-09-28,189.85,gibibyte month,3.8,0.0,USD
01A2B3-C4D5E6-F7G8H9,novapay-production,NovaPay Production,Cloud DNS,Managed Zone,2024-09-01,2024-09-28,0.97,managed zone month,0.19,0.0,USD
01A2B3-C4D5E6-F7G8H9,novapay-production,NovaPay Production,Cloud DNS,Queries,2024-09-01,2024-09-28,4.95,million queries,1.98,0.0,USD
01A2B3-C4D5E6-F7G8H9,novapay-production,NovaPay Production,Compute Engine,N1 Standard 4 Instance Core running,2024-10-01,2024-10-28,1376.44,hour,261.52,0.0,USD
01A2B3-C4D5E6-F7G8H9,novapay-production,NovaPay Production,Compute Engine,N1 Highmem 4 Instance Core running,2024-10-01,2024-10-28,711.29,hour,178.39,0.0,USD
01A2B3-C4D5E6-F7G8H9,novapay-production,NovaPay Production,Compute Engine,SSD backed PD Capacity,2024-10-01,2024-10-28,419.41,gibibyte month,71.3,0.0,USD
01A2B3-C4D5E6-F7G8H9,novapay-production,NovaPay Production,Compute Engine,Network Egress via Carrier Peering,2024-10-01,2024-10-28,244.13,gibibyte,20.75,0.0,USD
01A2B3-C4D5E6-F7G8H9,novapay-production,NovaPay Production,Cloud SQL,Cloud SQL for PostgreSQL: N1 Standard 4,2024-10-01,2024-10-28,740.45,hour,284.04,0.0,USD
01A2B3-C4D5E6-F7G8H9,novapay-production,NovaPay Production,Cloud SQL,Cloud SQL for PostgreSQL: N1 Standard 2,2024-10-01,2024-10-28,716.76,hour,137.47,0.0,USD
01A2B3-C4D5E6-F7G8H9,novapay-production,NovaPay Production,Cloud SQL,Cloud SQL for PostgreSQL: SSD Storage,2024-10-01,2024-10-28,198.46,gibibyte month,33.74,0.0,USD
01A2B3-C4D5E6-F7G8H9,novapay-production,NovaPay Production,Cloud SQL,Cloud SQL for PostgreSQL: HA,2024-10-01,2024-10-28,752.93,hour,288.82,0.0,USD
01A2B3-C4D5E6-F7G8H9,novapay-production,NovaPay Production,Memorystore for Redis,Redis Capacity Standard M4,2024-10-01,2024-10-28,3064.66,gibibyte hour,150.17,0.0,USD
01A2B3-C4D5E6-F7G8H9,novapay-production,NovaPay Production,Cloud Storage,Standard Storage US Multi-region,2024-10-01,2024-10-28,654.57,gibibyte month,17.02,0.0,USD
01A2B3-C4D5E6-F7G8H9,novapay-production,NovaPay Production,Cloud Storage,Coldline Storage US Multi-region,2024-10-01,2024-10-28,2643.74,gibibyte month,18.51,0.0,USD
01A2B3-C4D5E6-F7G8H9,novapay-production,NovaPay Production,Cloud Storage,Class A Operations,2024-10-01,2024-10-28,14.48,10 thousand operations,0.72,0.0,USD
01A2B3-C4D5E6-F7G8H9,novapay-production,NovaPay Production,Cloud Storage,Network Egress,2024-10-01,2024-10-28,97.97,gibibyte,11.76,0.0,USD
01A2B3-C4D5E6-F7G8H9,novapay-production,NovaPay Production,Cloud Run,CPU Allocation Time,2024-10-01,2024-10-28,8858261.79,vcpu-second,212.6,0.0,USD
01A2B3-C4D5E6-F7G8H9,novapay-production,NovaPay Production,Cloud Run,Memory Allocation Time,2024-10-01,2024-10-28,6974087.09,gibibyte-second,17.44,0.0,USD
01A2B3-C4D5E6-F7G8H9,novapay-production,NovaPay Production,Cloud Functions,CPU Time,2024-10-01,2024-10-28,740614.06,GHz-second,7.41,0.0,USD
01A2B3-C4D5E6-F7G8H9,novapay-production,NovaPay Production,Cloud Functions,Memory Time,2024-10-01,2024-10-28,463380.63,gibibyte-second,1.16,0.0,USD
01A2B3-C4D5E6-F7G8H9,novapay-production,NovaPay Production,Cloud Functions,Invocations,2024-10-01,2024-10-28,2300249.86,invocation,0.92,0.0,USD
01A2B3-C4D5E6-F7G8H9,novapay-production,NovaPay Production,Cloud Pub/Sub,Message Delivery Basic,2024-10-01,2024-10-28,0.25,tebibyte,10.16,0.0,USD
01A2B3-C4D5E6-F7G8H9,novapay-production,NovaPay Production,BigQuery,Analysis Bytes Processed,2024-10-01,2024-10-28,3.95,tebibyte,19.77,0.0,USD
01A2B3-C4D5E6-F7G8H9,novapay-production,NovaPay Production,BigQuery,Active Storage,2024-10-01,2024-10-28,192.61,gibibyte month,3.85,0.0,USD
01A2B3-C4D5E6-F7G8H9,novapay-production,NovaPay Production,Cloud DNS,Managed Zone,2024-10-01,2024-10-28,0.96,managed zone month,0.19,0.0,USD
01A2B3-C4D5E6-F7G8H9,novapay-production,NovaPay Production,Cloud DNS,Queries,2024-10-01,2024-10-28,5.2,million queries,2.08,0.0,USD
01A2B3-C4D5E6-F7G8H9,novapay-production,NovaPay Production,Compute Engine,N1 Standard 4 Instance Core running,2024-11-01,2024-11-28,1403.46,hour,266.66,0.0,USD
01A2B3-C4D5E6-F7G8H9,novapay-production,NovaPay Production,Compute Engine,N1 Highmem 4 Instance Core running,2024-11-01,2024-11-28,726.81,hour,182.28,0.0,USD
01A2B3-C4D5E6-F7G8H9,novapay-production,NovaPay Production,Compute Engine,SSD backed PD Capacity,2024-11-01,2024-11-28,404.78,gibibyte month,68.81,0.0,USD
01A2B3-C4D5E6-F7G8H9,novapay-production,NovaPay Production,Compute Engine,Network Egress via Carrier Peering,2024-11-01,2024-11-28,247.98,gibibyte,21.08,0.0,USD
01A2B3-C4D5E6-F7G8H9,novapay-production,NovaPay Production,Cloud SQL,Cloud SQL for PostgreSQL: N1 Standard 4,2024-11-01,2024-11-28,726.02,hour,278.5,0.0,USD
01A2B3-C4D5E6-F7G8H9,novapay-production,NovaPay Production,Cloud SQL,Cloud SQL for PostgreSQL: N1 Standard 2,2024-11-01,2024-11-28,721.64,hour,138.41,0.0,USD
01A2B3-C4D5E6-F7G8H9,novapay-production,NovaPay Production,Cloud SQL,Cloud SQL for PostgreSQL: SSD Storage,2024-11-01,2024-11-28,208.69,gibibyte month,35.48,0.0,USD
01A2B3-C4D5E6-F7G8H9,novapay-production,NovaPay Production,Cloud SQL,Cloud SQL for PostgreSQL: HA,2024-11-01,2024-11-28,698.71,hour,268.02,0.0,USD
01A2B3-C4D5E6-F7G8H9,novapay-production,NovaPay Production,Memorystore for Redis,Redis Capacity Standard M4,2024-11-01,2024-11-28,2983.13,gibibyte hour,146.17,0.0,USD
01A2B3-C4D5E6-F7G8H9,novapay-production,NovaPay Production,Cloud Storage,Standard Storage US Multi-region,2024-11-01,2024-11-28,661.42,gibibyte month,17.2,0.0,USD
01A2B3-C4D5E6-F7G8H9,novapay-production,NovaPay Production,Cloud Storage,Coldline Storage US Multi-region,2024-11-01,2024-11-28,2671.03,gibibyte month,18.7,0.0,USD
01A2B3-C4D5E6-F7G8H9,novapay-production,NovaPay Production,Cloud Storage,Class A Operations,2024-11-01,2024-11-28,15.26,10 thousand operations,0.76,0.0,USD
01A2B3-C4D5E6-F7G8H9,novapay-production,NovaPay Production,Cloud Storage,Network Egress,2024-11-01,2024-11-28,98.0,gibibyte,11.76,0.0,USD
01A2B3-C4D5E6-F7G8H9,novapay-production,NovaPay Production,Cloud Run,CPU Allocation Time,2024-11-01,2024-11-28,5760219.41,vcpu-second,138.25,0.0,USD
01A2B3-C4D5E6-F7G8H9,novapay-production,NovaPay Production,Cloud Run,Memory Allocation Time,2024-11-01,2024-11-28,4096208.08,gibibyte-second,10.24,0.0,USD
01A2B3-C4D5E6-F7G8H9,novapay-production,NovaPay Production,Cloud Functions,CPU Time,2024-11-01,2024-11-28,1788670.1,GHz-second,17.89,0.0,USD
01A2B3-C4D5E6-F7G8H9,novapay-production,NovaPay Production,Cloud Functions,Memory Time,2024-11-01,2024-11-28,253945.32,gibibyte-second,0.63,0.0,USD
01A2B3-C4D5E6-F7G8H9,novapay-production,NovaPay Production,Cloud Functions,Invocations,2024-11-01,2024-11-28,2555549.79,invocation,1.02,0.0,USD
01A2B3-C4D5E6-F7G8H9,novapay-production,NovaPay Production,Cloud Pub/Sub,Message Delivery Basic,2024-11-01,2024-11-28,0.61,tebibyte,24.29,0.0,USD
01A2B3-C4D5E6-F7G8H9,novapay-production,NovaPay Production,BigQuery,Analysis Bytes Processed,2024-11-01,2024-11-28,2.83,tebibyte,14.14,0.0,USD
01A2B3-C4D5E6-F7G8H9,novapay-production,NovaPay Production,BigQuery,Active Storage,2024-11-01,2024-11-28,205.62,gibibyte month,4.11,0.0,USD
01A2B3-C4D5E6-F7G8H9,novapay-production,NovaPay Production,Cloud DNS,Managed Zone,2024-11-01,2024-11-28,1.02,managed zone month,0.2,0.0,USD
01A2B3-C4D5E6-F7G8H9,novapay-production,NovaPay Production,Cloud DNS,Queries,2024-11-01,2024-11-28,5.06,million queries,2.02,0.0,USD
01A2B3-C4D5E6-F7G8H9,novapay-production,NovaPay Production,Compute Engine,N1 Standard 4 Instance Core running,2024-12-01,2024-12-28,1510.16,hour,286.93,0.0,USD
01A2B3-C4D5E6-F7G8H9,novapay-production,NovaPay Production,Compute Engine,N1 Highmem 4 Instance Core running,2024-12-01,2024-12-28,731.09,hour,183.36,0.0,USD
01A2B3-C4D5E6-F7G8H9,novapay-production,NovaPay Production,Compute Engine,SSD backed PD Capacity,2024-12-01,2024-12-28,380.31,gibibyte month,64.65,0.0,USD
01A2B3-C4D5E6-F7G8H9,novapay-production,NovaPay Production,Compute Engine,Network Egress via Carrier Peering,2024-12-01,2024-12-28,257.93,gibibyte,21.92,0.0,USD
01A2B3-C4D5E6-F7G8H9,novapay-production,NovaPay Production,Cloud SQL,Cloud SQL for PostgreSQL: N1 Standard 4,2024-12-01,2024-12-28,705.56,hour,270.65,0.0,USD
01A2B3-C4D5E6-F7G8H9,novapay-production,NovaPay Production,Cloud SQL,Cloud SQL for PostgreSQL: N1 Standard 2,2024-12-01,2024-12-28,731.76,hour,140.35,0.0,USD
01A2B3-C4D5E6-F7G8H9,novapay-production,NovaPay Production,Cloud SQL,Cloud SQL for PostgreSQL: SSD Storage,2024-12-01,2024-12-28,208.78,gibibyte month,35.49,0.0,USD
01A2B3-C4D5E6-F7G8H9,novapay-production,NovaPay Production,Cloud SQL,Cloud SQL for PostgreSQL: HA,2024-12-01,2024-12-28,693.67,hour,266.09,0.0,USD
01A2B3-C4D5E6-F7G8H9,novapay-production,NovaPay Production,Memorystore for Redis,Redis Capacity Standard M4,2024-12-01,2024-12-28,2807.71,gibibyte hour,137.58,0.0,USD
01A2B3-C4D5E6-F7G8H9,novapay-production,NovaPay Production,Cloud Storage,Standard Storage US Multi-region,2024-12-01,2024-12-28,675.8,gibibyte month,17.57,0.0,USD
01A2B3-C4D5E6-F7G8H9,novapay-production,NovaPay Production,Cloud Storage,Coldline Storage US Multi-region,2024-12-01,2024-12-28,2777.31,gibibyte month,19.44,0.0,USD
01A2B3-C4D5E6-F7G8H9,novapay-production,NovaPay Production,Cloud Storage,Class A Operations,2024-12-01,2024-12-28,14.66,10 thousand operations,0.73,0.0,USD
01A2B3-C4D5E6-F7G8H9,novapay-production,NovaPay Production,Cloud Storage,Network Egress,2024-12-01,2024-12-28,101.05,gibibyte,12.13,0.0,USD
01A2B3-C4D5E6-F7G8H9,novapay-production,NovaPay Production,Cloud Run,CPU Allocation Time,2024-12-01,2024-12-28,6770359.38,vcpu-second,162.49,0.0,USD
01A2B3-C4D5E6-F7G8H9,novapay-production,NovaPay Production,Cloud Run,Memory Allocation Time,2024-12-01,2024-12-28,6506107.8,gibibyte-second,16.27,0.0,USD
01A2B3-C4D5E6-F7G8H9,novapay-production,NovaPay Production,Cloud Functions,CPU Time,2024-12-01,2024-12-28,1238242.21,GHz-second,12.38,0.0,USD
01A2B3-C4D5E6-F7G8H9,novapay-production,NovaPay Production,Cloud Functions,Memory Time,2024-12-01,2024-12-28,473820.39,gibibyte-second,1.18,0.0,USD
01A2B3-C4D5E6-F7G8H9,novapay-production,NovaPay Production,Cloud Functions,Invocations,2024-12-01,2024-12-28,2461076.82,invocation,0.98,0.0,USD
01A2B3-C4D5E6-F7G8H9,novapay-production,NovaPay Production,Cloud Pub/Sub,Message Delivery Basic,2024-12-01,2024-12-28,0.27,tebibyte,10.91,0.0,USD
01A2B3-C4D5E6-F7G8H9,novapay-production,NovaPay Production,BigQuery,Analysis Bytes Processed,2024-12-01,2024-12-28,3.62,tebibyte,18.1,0.0,USD
01A2B3-C4D5E6-F7G8H9,novapay-production,NovaPay Production,BigQuery,Active Storage,2024-12-01,2024-12-28,210.64,gibibyte month,4.21,0.0,USD
01A2B3-C4D5E6-F7G8H9,novapay-production,NovaPay Production,Cloud DNS,Managed Zone,2024-12-01,2024-12-28,1.01,managed zone month,0.2,0.0,USD
01A2B3-C4D5E6-F7G8H9,novapay-production,NovaPay Production,Cloud DNS,Queries,2024-12-01,2024-12-28,4.96,million queries,1.99,0.0,USD
